{"cameraMode":{"drawMode":0,"name":"Shaded","section":"Shading Mode"},"sceneLighting":false,"audioPlay":false,"sceneViewState":{"m_AlwaysRefresh":false,"showFog":true,"showSkybox":true,"showFlares":true,"showImageEffects":true,"showParticleSystems":true,"showVisualEffectGraphs":true,"m_FxEnabled":true},"in2DMode":false,"pivot":{"x":3.110805034637451,"y":0.9487913846969605,"z":25.514846801757814},"rotation":{"x":-0.11012399941682816,"y":0.1074005588889122,"z":-0.01197805441915989,"w":-0.9880396127700806},"size":1.4390593767166138,"orthographic":false}